,train_mse,train_mae,val_mse,val_mae,test_mse,test_mae,elapsed_time,vram_usage_gb
0,0.25098398,0.3385978,0.4001164,0.41812363,0.321832,0.36263606,1073.7614693641663,0.384765625
