,train_mse,train_mae,val_mse,val_mae,test_mse,test_mae,elapsed_time,vram_usage_gb
0,0.35167393,0.4068481,0.70199,0.5525834,0.385686,0.40064257,51.654738664627075,0.615234375
