,train_mse,train_mae,val_mse,val_mae,test_mse,test_mae,elapsed_time,vram_usage_gb
0,0.40088552,0.43995774,1.0081552,0.662826,0.43432269,0.43186226,54.03665232658386,0.7109375
