{
  "incumbent_ids": [
    199
  ],
  "rejected_config_ids": [
    4,
    2,
    7,
    5,
    10,
    13,
    14,
    15,
    16,
    19,
    20,
    23,
    24,
    25,
    28,
    29,
    30,
    31,
    34,
    35,
    38,
    39,
    40,
    41,
    44,
    45,
    9,
    49,
    50,
    51,
    54,
    48,
    57,
    59,
    55,
    63,
    64,
    65,
    67,
    69,
    70,
    71,
    74,
    75,
    78,
    79,
    80,
    82,
    84,
    85,
    86,
    89,
    90,
    92,
    94,
    95,
    98,
    99,
    100,
    60,
    104,
    105,
    108,
    109,
    110,
    111,
    114,
    115,
    118,
    119,
    120,
    123,
    124,
    125,
    102,
    129,
    130,
    133,
    134,
    135,
    136,
    139,
    140,
    141,
    144,
    145,
    148,
    149,
    150,
    151,
    154,
    155,
    157,
    159,
    160,
    161,
    164,
    165,
    166,
    169,
    170,
    173,
    174,
    175,
    177,
    179,
    180,
    183,
    184,
    185,
    188,
    189,
    190,
    192,
    194,
    195,
    197,
    127,
    200,
    201,
    204,
    205,
    207,
    209,
    210,
    213,
    214,
    215,
    218,
    219,
    220,
    222,
    224,
    225,
    227,
    229,
    230,
    233,
    234,
    235,
    237,
    239,
    240,
    243,
    244,
    245,
    248,
    249,
    250,
    252,
    254,
    255,
    256,
    259,
    260,
    261,
    264,
    265,
    266,
    269,
    270,
    273,
    274,
    275,
    276,
    279,
    280,
    283,
    284,
    285,
    286,
    289,
    290,
    291,
    294,
    295,
    297,
    299,
    300,
    303,
    304,
    305,
    307,
    309,
    310,
    313,
    314,
    315,
    317,
    319,
    320,
    322,
    324,
    325,
    327,
    329,
    330,
    331,
    334,
    335,
    337,
    339,
    340,
    343,
    344,
    345,
    346,
    349,
    350,
    353,
    354,
    355
  ],
  "incumbents_changed": 9,
  "trajectory": [
    {
      "config_ids": [
        2
      ],
      "costs": [
        0.9949533499422527
      ],
      "trial": 4,
      "walltime": 124.84151005744934
    },
    {
      "config_ids": [
        5
      ],
      "costs": [
        0.9890995288179034
      ],
      "trial": 6,
      "walltime": 150.7189576625824
    },
    {
      "config_ids": [
        9
      ],
      "costs": [
        0.9875204171098414
      ],
      "trial": 11,
      "walltime": 258.79243445396423
    },
    {
      "config_ids": [
        48
      ],
      "costs": [
        0.9865355970604079
      ],
      "trial": 58,
      "walltime": 1748.624874830246
    },
    {
      "config_ids": [
        55
      ],
      "costs": [
        0.9846206993928978
      ],
      "trial": 66,
      "walltime": 1956.102647781372
    },
    {
      "config_ids": [
        60
      ],
      "costs": [
        0.9831407517194748
      ],
      "trial": 72,
      "walltime": 2113.186485528946
    },
    {
      "config_ids": [
        102
      ],
      "costs": [
        0.9823057353496552
      ],
      "trial": 124,
      "walltime": 4095.1460535526276
    },
    {
      "config_ids": [
        127
      ],
      "costs": [
        0.9804697688668966
      ],
      "trial": 154,
      "walltime": 5265.112135648727
    },
    {
      "config_ids": [
        199
      ],
      "costs": [
        0.9759241329239947
      ],
      "trial": 239,
      "walltime": 8428.14176249504
    }
  ],
  "state": {
    "tracker": {
      "0,0": [
        [
          0,
          [
            {
              "alpha_d_ff": 4,
              "batch_size": 16,
              "d_model": 64,
              "decomp_method": "dft_decomp",
              "down_sampling_method": "avg",
              "dropout": 0.0913075314741,
              "e_layers": 2,
              "learning_rate": 0.0021837236762
            },
            {
              "alpha_d_ff": 2,
              "batch_size": 16,
              "d_model": 64,
              "decomp_method": "dft_decomp",
              "down_sampling_method": "conv",
              "dropout": 0.0997959952661,
              "e_layers": 3,
              "learning_rate": 0.0021391735002
            },
            {
              "alpha_d_ff": 3,
              "batch_size": 16,
              "d_model": 512,
              "decomp_method": "moving_avg",
              "down_sampling_method": "conv",
              "dropout": 0.0945717540929,
              "e_layers": 3,
              "learning_rate": 0.0014576172627,
              "moving_avg": 25
            }
          ]
        ]
      ]
    },
    "next_bracket": 1
  }
}