{
  "incumbent_ids": [
    127
  ],
  "rejected_config_ids": [
    4,
    5,
    1,
    6,
    10,
    9,
    14,
    13,
    17,
    15,
    20,
    23,
    24,
    25,
    27,
    29,
    30,
    31,
    34,
    19,
    36,
    39,
    40,
    42,
    44,
    45,
    47,
    49,
    50,
    52,
    54,
    55,
    57,
    59,
    60,
    63,
    64,
    65,
    35,
    69,
    70,
    72,
    74,
    75,
    78,
    66,
    80,
    83,
    84,
    85,
    86,
    89,
    90,
    92,
    94,
    95,
    96,
    99,
    100,
    101,
    104,
    105,
    106,
    109,
    110,
    112,
    114,
    115,
    118,
    119,
    120,
    121,
    124,
    125,
    79,
    129,
    130,
    133,
    134,
    135,
    136,
    139,
    140,
    141,
    144,
    145,
    146,
    149,
    150,
    153,
    154,
    155,
    157,
    159,
    160,
    161,
    164,
    165,
    168,
    169,
    170,
    173,
    174,
    175,
    177,
    179,
    180,
    181,
    184,
    185,
    186,
    189,
    190,
    193,
    194,
    195,
    196,
    199,
    200,
    201,
    204,
    205,
    208,
    209,
    210,
    211,
    214,
    215,
    216,
    219,
    220,
    222,
    224,
    225,
    227,
    229,
    230,
    232,
    234,
    235,
    238,
    239,
    240,
    243,
    244,
    245,
    248,
    249,
    250,
    252,
    254,
    255,
    258,
    259,
    260,
    261,
    264,
    265,
    266,
    269,
    270,
    273,
    274,
    275,
    278,
    279,
    280,
    282,
    284,
    285,
    288,
    289,
    290,
    293,
    294,
    295,
    297,
    299,
    300,
    301,
    304,
    305,
    306,
    309,
    310,
    313,
    314,
    315,
    318,
    319,
    320,
    322,
    324,
    325,
    328,
    329,
    330,
    332,
    334,
    335,
    336,
    339,
    340,
    343,
    344,
    345
  ],
  "incumbents_changed": 10,
  "trajectory": [
    {
      "config_ids": [
        1
      ],
      "costs": [
        1.3157724065658374
      ],
      "trial": 4,
      "walltime": 126.48904252052307
    },
    {
      "config_ids": [
        6
      ],
      "costs": [
        1.3082761565844219
      ],
      "trial": 10,
      "walltime": 216.96711349487305
    },
    {
      "config_ids": [
        9
      ],
      "costs": [
        1.3040308684487887
      ],
      "trial": 11,
      "walltime": 274.71525478363037
    },
    {
      "config_ids": [
        13
      ],
      "costs": [
        1.3027214604088022
      ],
      "trial": 16,
      "walltime": 454.1233103275299
    },
    {
      "config_ids": [
        15
      ],
      "costs": [
        1.2986703301087403
      ],
      "trial": 18,
      "walltime": 597.544634103775
    },
    {
      "config_ids": [
        19
      ],
      "costs": [
        1.2939080181736615
      ],
      "trial": 23,
      "walltime": 710.3592290878296
    },
    {
      "config_ids": [
        35
      ],
      "costs": [
        1.2920921527886693
      ],
      "trial": 42,
      "walltime": 1269.8474004268646
    },
    {
      "config_ids": [
        66
      ],
      "costs": [
        1.2913924620586372
      ],
      "trial": 82,
      "walltime": 2492.94376373291
    },
    {
      "config_ids": [
        79
      ],
      "costs": [
        1.2840731694728513
      ],
      "trial": 95,
      "walltime": 3066.724319458008
    },
    {
      "config_ids": [
        127
      ],
      "costs": [
        1.2724536153130561
      ],
      "trial": 154,
      "walltime": 5548.087411880493
    }
  ],
  "state": {
    "tracker": {
      "0,0": [
        [
          0,
          [
            {
              "alpha_d_ff": 2,
              "batch_size": 16,
              "d_model": 128,
              "decomp_method": "moving_avg",
              "down_sampling_method": "conv",
              "dropout": 0.0680883074135,
              "e_layers": 2,
              "learning_rate": 0.001112923223,
              "moving_avg": 55
            },
            {
              "alpha_d_ff": 3,
              "batch_size": 16,
              "d_model": 8,
              "decomp_method": "moving_avg",
              "down_sampling_method": "conv",
              "dropout": 0.1005162996598,
              "e_layers": 2,
              "learning_rate": 0.0025006420078,
              "moving_avg": 35
            },
            {
              "alpha_d_ff": 2,
              "batch_size": 64,
              "d_model": 32,
              "decomp_method": "dft_decomp",
              "down_sampling_method": "conv",
              "dropout": 0.1255949201288,
              "e_layers": 3,
              "learning_rate": 0.004653207689
            }
          ]
        ]
      ]
    },
    "next_bracket": 1
  }
}