{
  "incumbent_ids": [
    346
  ],
  "rejected_config_ids": [
    4,
    2,
    7,
    9,
    10,
    12,
    14,
    15,
    17,
    19,
    20,
    5,
    24,
    25,
    28,
    29,
    30,
    31,
    34,
    35,
    38,
    39,
    40,
    41,
    44,
    45,
    47,
    49,
    50,
    51,
    54,
    23,
    57,
    59,
    60,
    63,
    64,
    65,
    67,
    69,
    70,
    71,
    74,
    75,
    78,
    79,
    55,
    82,
    84,
    85,
    87,
    89,
    90,
    92,
    94,
    95,
    96,
    99,
    100,
    101,
    104,
    105,
    108,
    109,
    110,
    113,
    114,
    115,
    116,
    119,
    120,
    123,
    124,
    125,
    127,
    129,
    130,
    133,
    134,
    135,
    136,
    139,
    140,
    141,
    144,
    145,
    146,
    149,
    150,
    151,
    154,
    155,
    157,
    159,
    160,
    163,
    164,
    165,
    166,
    169,
    170,
    80,
    174,
    175,
    178,
    179,
    180,
    183,
    184,
    185,
    186,
    189,
    190,
    192,
    194,
    195,
    196,
    199,
    200,
    201,
    204,
    205,
    173,
    209,
    210,
    213,
    214,
    215,
    218,
    219,
    220,
    222,
    224,
    225,
    227,
    229,
    230,
    231,
    234,
    235,
    238,
    239,
    240,
    243,
    244,
    245,
    248,
    249,
    250,
    253,
    254,
    255,
    257,
    259,
    260,
    261,
    264,
    265,
    266,
    269,
    270,
    273,
    274,
    275,
    276,
    279,
    280,
    283,
    284,
    285,
    286,
    289,
    290,
    292,
    294,
    295,
    297,
    299,
    300,
    303,
    304,
    305,
    307,
    309,
    310,
    312,
    314,
    315,
    318,
    319,
    320,
    322,
    324,
    325,
    327,
    329,
    330,
    333,
    334,
    335,
    336,
    339,
    340,
    343,
    344,
    345,
    208,
    349,
    350,
    351,
    354,
    355,
    356,
    359,
    360,
    363
  ],
  "incumbents_changed": 8,
  "trajectory": [
    {
      "config_ids": [
        2
      ],
      "costs": [
        0.6892424846111342
      ],
      "trial": 4,
      "walltime": 125.57005405426025
    },
    {
      "config_ids": [
        5
      ],
      "costs": [
        0.6841111179701117
      ],
      "trial": 6,
      "walltime": 151.26447176933289
    },
    {
      "config_ids": [
        23
      ],
      "costs": [
        0.6824435363898332
      ],
      "trial": 28,
      "walltime": 793.7382578849792
    },
    {
      "config_ids": [
        55
      ],
      "costs": [
        0.6779872609794825
      ],
      "trial": 66,
      "walltime": 1911.147612810135
    },
    {
      "config_ids": [
        80
      ],
      "costs": [
        0.6769019728847618
      ],
      "trial": 96,
      "walltime": 2959.883005142212
    },
    {
      "config_ids": [
        173
      ],
      "costs": [
        0.6750579994471594
      ],
      "trial": 208,
      "walltime": 6920.9835369586945
    },
    {
      "config_ids": [
        208
      ],
      "costs": [
        0.6723417386669537
      ],
      "trial": 250,
      "walltime": 8460.794904470444
    },
    {
      "config_ids": [
        346
      ],
      "costs": [
        0.6698800189227894
      ],
      "trial": 418,
      "walltime": 13642.106758832932
    }
  ],
  "state": {
    "tracker": {
      "0,1": [
        [
          0,
          [
            {
              "alpha_d_ff": 3,
              "batch_size": 16,
              "d_model": 16,
              "decomp_method": "moving_avg",
              "down_sampling_method": "avg",
              "dropout": 0.0834865576781,
              "e_layers": 4,
              "learning_rate": 0.0014151405357,
              "moving_avg": 35
            }
          ]
        ]
      ]
    },
    "next_bracket": 1
  }
}